streams,time(ms),damping_factor,threshold,epochs,K,percent_IC_CU,percent_LT_CU,time_cu_lt,time_cu_ic,l,eps,percent_LT_RIMR,percent_IC_RIMR,percent_LT_over,percent_IC_over,rimr_dist,ic_dist,lt_dist,speedup_LT,speedup_IC
6,528.06,0.3,0.3,30,150,0.3845466630235564,0.0005464665412044,138589.425202,90158.390768,1.0,0.5,0.6427091232282051,0.2185374958938258,0.0,0.04,6.473822222222222,11.165609261560599,3.5687645687645686,262.4501480930198,170.73512625080485
