streams,time(ms),damping_factor,threshold,epochs,K,percent_IC_CU,percent_LT_CU,time_cu_lt,time_cu_ic,l,eps,percent_LT_RIMR,percent_IC_RIMR,percent_LT_over,percent_IC_over,speedup_IC,speedup_LT
2,101.83,0.3,0.4,2,150,0.3840708073275637,0.6358997817203872,136924.208271,91817.703022,1.0,0.5,0.6517626615990594,0.2505825394729974,0.0066666666666666,0.1733333333333333,901.6763529608172,1344.6352574977905
4,184.316,0.3,0.4,2,150,0.3880894854311406,0.0005464665412044,138611.683707,91501.597597,1.0,0.5,0.6542401812549696,0.2318645254183692,0.0,0.0866666666666666,496.43871176132296,752.0328333242908
6,263.07,0.3,0.4,2,150,0.39201606243226733,0.6359028517571356,105967.868618,83556.045146,1.0,0.5,0.6475628513273304,0.2324447623638054,0.006666666666666667,0.07333333333333333,317.61905631961076,402.8124401033945
