streams,time(ms),damping_factor,threshold,epochs,K,steps,percent_IC_CU,percent_LT_CU,time_cu_lt,time_cu_ic,l,eps,percent_LT_RIMR,percent_IC_RIMR,percent_LT_over,percent_IC_over,speedup_LT,speedup_IC,rimr_dist,ic_dist,lt_dist,percent_LT_RAND,percent_IC_RAND,LT_threshold,IC_threshold,dir
12,23032.4,0.3,0.5,1700,200,100,0.4121555035013769,0.636142314623506,127573.770059,101499.043772,1.0,0.5,0.7332506470102447,0.2978518952871866,0.0,0.04,5.538883054262691,4.4067940714819125,7.67001990615669,11.020411040998344,3.7569854082583047,0.6546577062527439,0.2760085838227483,0.1,0.5,csr
12,45669.2,0.3,0.5,3400,200,100,0.4110595003822195,0.0007306687461048,128421.807487,107347.485588,1.0,0.5,0.713706793070313,0.2735494843873281,0.0,0.025,2.812000374147128,2.3505444717227366,8.886534839924671,11.454715219421102,3.833450456781448,0.6474277697104034,0.2521022076634257,0.1,0.5,csr
