streams,time(ms),damping_factor,threshold,epochs,K,percent_IC_CU,percent_LT_CU,time_cu_lt,time_cu_ic,l,eps,percent_LT_RIMR,percent_IC_RIMR,percent_LT_over,percent_IC_over,rimr_dist,ic_dist,lt_dist,speedup_LT,speedup_IC
6,259.258,0.3,0.4,2,150,0.3988192638665885,0.000469715622496,138460.670328,91838.621951,1.0,0.5,0.6478913452594027,0.2427877161689625,0.0,0.0666666666666666,5.409626670612023,11.265719947159841,3.3870010787486518,534.0651795817295,354.23640524496835
