streams,time(ms),damping_factor,threshold,epochs,K,percent_IC_CU,percent_LT_CU,time_cu_lt,time_cu_ic,l,eps,percent_LT_RIMR,percent_IC_RIMR,percent_LT_over,percent_IC_over,rimr_dist,ic_dist,lt_dist,speedup_LT,speedup_IC
6,1125.7,0.3,0.4,30,150,0.3860018604422695,0.0005464665412044,137941.375853,92207.836161,1.0,0.5,0.6467001710010469,0.2234833250954014,0.0,0.0466666666666666,4.256798685891586,11.211840828210937,3.4092669432918394,122.53831025406414,81.91155384294217
8,1514.43,0.3,0.4,30,150,0.3861829926104215,0.6359059217938838,137237.946352,92040.874792,1.0,0.5,0.6468199024342322,0.2502571155776734,0.0066666666666666,0.0333333333333333,4.196659974447892,10.850274090218612,3.679122340425532,90.62019793057452,60.77591885527888
10,1900.25,0.3,0.4,30,150,0.3821704545803413,0.6359059217938838,138053.787363,91484.630891,1.0,0.5,0.6429639362783173,0.2032763432178283,0.0066666666666666,0.04,3.9144888888888887,11.215623987034036,3.5336584044426385,72.6503288319958,48.14347106485988
