streams,time(ms),damping_factor,threshold,epochs,K,steps,percent_IC_CU,percent_LT_CU,time_cu_lt,time_cu_ic,l,eps,percent_LT_RIMR,percent_IC_RIMR,percent_LT_over,percent_IC_over,speedup_LT,speedup_IC,rimr_dist,ic_dist,lt_dist,percent_LT_RAND,percent_IC_RAND,LT_threshold,IC_threshold,dir
6.0,2341.64,0.3,0.5,270.0,50.0,100.0,0.3263848168262574,0.0001535018374169,42339.321569,29923.991167,1.0,0.5,0.6412477857359953,0.2392940143493517,0.0,0.04,18.08105497386447,12.77907413906493,5.821652719665272,10.741359447004609,1.8708133971291867,0.6392062112983492,0.2198545416588636,0.1,0.5,csr
6.0,4310.37,0.3,0.5,510.0,100.0,100.0,0.3585158214343825,0.0003070036748339,75004.521531,56606.593345,1.0,0.5,0.6447998182538245,0.2250643940207964,0.0,0.06,17.40094737365934,13.132652961346706,5.920728126834997,10.83483129512303,3.2998783454987834,0.6479066954431445,0.2183870640931572,0.1,0.5,csr
6.0,8494.81,0.3,0.5,1020.0,200.0,100.0,0.398616641441198,0.0007705792238333,128684.266517,105908.827845,1.0,0.5,0.6531656683930507,0.2511105857937119,0.0,0.065,15.14857501427342,12.46747459272191,5.796440311071915,11.051652525826263,3.877921062915201,0.6442502816758716,0.1886077076342603,0.1,0.5,csr
6.0,63215.1,0.3,0.5,1360.0,200.0,100.0,0.3964921760113468,0.0006999683786214,128162.765191,107749.665483,1.0,0.5,0.6525731513006211,0.2355731298103638,0.0,0.04,2.0274074578858534,1.7044925260420376,6.187996423123455,11.70597175371613,3.971228497488202,0.6505285068262268,0.2820719064007196,0.1,0.5,csr
6.0,62272.7,0.3,0.5,1360.0,200.0,100.0,0.4128401216962567,0.0006999683786214,129469.672157,107710.501207,1.0,0.5,0.6361852951379828,0.222196979697847,0.0,0.005,2.0790759378828927,1.729658441130704,5.641559965311432,11.426796773728936,3.7315181016124126,0.6544673639743468,0.2696229073862014,0.1,0.5,csr
8,98201,0.3,0.5,1040,200,100