time(ms),damping_factor,threshold,K,percent_LT,percent_IC
36.7746,0.15,0.8,100,0.8738483345145287,0.6738888326414904
36.8436,0.25,0.8,100,0.8747595423711654,0.6671053963754177
36.8263,0.3,0.8,100,0.8745570517363572,0.6722689075630253
