streams,time(ms),damping_factor,threshold,epochs,K,percent_IC_CU,percent_LT_CU,time_cu_lt,time_cu_ic,l,eps,percent_LT_RIMR,percent_IC_RIMR,percent_LT_over,percent_IC_over
12,55.7441,0.3,0.8,30,100,0.6085463563525372,0.7993132392216711,667084.307585,667084.307585,1.0,0.1,0.7779473483403281,0.5864173979397177,0.0,0.0
12,55.955,0.3,0.8,30,100,0.6108355589469668,0.7922548645555132,200269.139101,200269.139101,1.0,0.2,0.7779473483403281,0.5915681037771843,0.01,0.01
12,55.7979,0.3,0.8,30,100,0.6041587180465471,0.7972148035101106,107080.476121,107080.476121,1.0,0.3,0.7779473483403281,0.5932850057230065,0.0,0.0
12,55.8991,0.3,0.8,30,100,0.603967951163678,0.7943533002670736,71711.554431,71711.554431,1.0,0.4,0.7779473483403281,0.5936665394887447,0.02,0.02
12,55.6231,0.3,0.8,30,100,0.6072109881724532,0.7964517359786341,39828.389903,39828.389903,1.0,0.5,0.7779473483403281,0.6066386875238459,0.02,0.02
12,55.7529,0.3,0.8,30,100,0.595383441434567,0.7941625333842045,32736.543389,32736.543389,1.0,0.6,0.7779473483403281,0.6024418161007249,0.01,0.01
12,55.8498,0.3,0.8,30,100,0.6112170927127051,0.7954979015642885,28645.647559,28645.647559,1.0,0.7,0.7779473483403281,0.5909958031285769,0.02,0.02
12,56.0306,0.3,0.8,30,100,0.6159862647844334,0.7913010301411675,24941.815233,24941.815233,1.0,0.8,0.7779473483403281,0.6007249141549027,0.01,0.01
12,55.6989,0.3,0.8,30,100,0.6070202212895841,0.7945440671499427,22573.988128,22573.988128,1.0,0.9,0.7779473483403281,0.5847004959938955,0.01,0.01
