time(ms),damping_factor,threshold,K,percent_LT,percent_IC
37.4855,0.15,0.8,100,0.7880579931323922,0.6032048836322015
36.7585,0.25,0.8,100,0.7945440671499427,0.5944296070202213
36.7743,0.3,0.8,100,0.7922548645555132,0.603967951163678
