time(ms),damping_factor,threshold,K,percent_LT,percent_IC
37.8467,0.15,0.8,100,0.029796205200281,0.3238229093464511
37.1323,0.25,0.8,100,0.3322557976106816,0.3232607167955024
37.141,0.3,0.8,100,0.018552354181307098,0.32227687983134223
