streams,time(ms),damping_factor,threshold,epochs,K,steps,percent_IC_CU,percent_LT_CU,time_cu_lt,time_cu_ic,l,eps,percent_LT_RIMR,percent_IC_RIMR,percent_LT_over,percent_IC_over,speedup_LT,speedup_IC,rimr_dist,ic_dist,lt_dist,percent_LT_RAND,percent_IC_RAND,LT_threshold,IC_threshold,dir
12,117874,0.3,0.5,20000,100,100,0.3164155643982893,0.9923429386786514,70029.916566,37109.514111,1.0,0.5,0.9923276779684944,0.294302795380583,0.0,0.0,0.5941082559852046,0.3148235752668103,17.927524972253053,23.201693531932257,18.00171710667525,0.992415427051898,0.2963591760742586,0.1,0.5,csr
12,262962,0.3,0.5,45000,150,100,0.3147063648606888,0.992377275276505,115220.847669,54148.447273,1.0,0.5,0.9923810904540444,0.2999416277836489,0.0,0.0,0.4381653914596025,0.2059173845384504,19.56162437542863,22.558382079535665,18.913976857490866,0.9926138162839409,0.3050043683782825,0.1,0.5,csr
