streams,time(ms),damping_factor,threshold,epochs,K,steps,percent_IC_CU,percent_LT_CU,time_cu_lt,time_cu_ic,l,eps,percent_LT_RIMR,percent_IC_RIMR,percent_LT_over,percent_IC_over,speedup_LT,speedup_IC,rimr_dist,ic_dist,lt_dist,percent_LT_RAND,percent_IC_RAND,LT_threshold,IC_threshold,dir
10,14833.7,0.3,0.5,3300,150,200,0.3232485473711519,0.9924879154251444,114732.497963,51275.806438,1.0,0.5,0.9924917306026836,0.3001972446787811,0.0,0.0,7.734583951610185,3.456710492864221,21.823947206532072,23.07454768058768,18.375295422756,0.992575664508548,0.3091896181388801,0.1,0.5,csr
10,19759.0,0.3,0.5,4400,200,200,0.3298030223836466,0.9925947403962444,122737.850253,72772.885588,1.0,0.5,0.99251080649038,0.3065800367020079,0.005,0.005,6.211744028189686,3.6830247273647454,19.682331805873776,22.43514453214222,18.7854358859322,0.9929190304870836,0.3085906352652121,0.1,0.5,csr
10,24701.0,0.3,0.5,5500,250,200,0.3407220605010854,0.9923849056315835,165788.573972,90399.718813,1.0,0.5,0.9924230574069764,0.3092621065121265,0.0,0.0,6.711816281608033,3.65975947585118,18.946965690487207,22.362545525494276,18.96868728807695,0.99272445643258,0.3030548126557069,0.1,0.5,csr
